community,window_start,window_end,window_mid,n_questions,n_nodes,n_edges,density,modularity_Q,n_louvain_communities,null_mean_Q,null_std_Q
ai_ml,2015-01-01,2015-07-01,2015-04-01,32129,97,248,0.053265,0.398845,60,0.170886,0.010113
ai_ml,2015-04-01,2015-10-01,2015-07-01,35162,97,278,0.059708,0.412854,59,0.158937,0.011244
ai_ml,2015-07-01,2016-01-01,2015-10-01,36658,97,351,0.075387,0.442965,50,0.156073,0.007992
ai_ml,2015-10-01,2016-04-01,2016-01-01,39652,97,406,0.087199,0.440386,49,0.142773,0.00372
ai_ml,2016-01-01,2016-07-01,2016-04-01,44075,97,440,0.094502,0.41663,51,0.128749,0.002486
ai_ml,2016-04-01,2016-10-01,2016-07-01,45377,97,463,0.099442,0.400117,47,0.128673,0.008058
ai_ml,2016-07-01,2017-01-01,2016-10-01,45424,97,485,0.104167,0.385327,46,0.133008,0.009786
ai_ml,2016-10-01,2017-04-01,2017-01-01,50526,97,516,0.110825,0.363706,44,0.122028,0.003428
ai_ml,2017-01-01,2017-07-01,2017-04-01,57816,97,581,0.124785,0.361276,39,0.125128,0.003092
ai_ml,2017-04-01,2017-10-01,2017-07-01,61516,97,620,0.133162,0.359395,38,0.130145,0.003585
ai_ml,2017-07-01,2018-01-01,2017-10-01,61405,97,642,0.137887,0.345599,36,0.127666,0.003402
ai_ml,2017-10-01,2018-04-01,2018-01-01,63163,97,645,0.138531,0.337959,36,0.125118,0.004103
ai_ml,2018-01-01,2018-07-01,2018-04-01,67295,97,709,0.152277,0.330622,32,0.1261,0.008067
ai_ml,2018-04-01,2018-10-01,2018-07-01,67198,97,731,0.157002,0.344025,32,0.13099,0.003475
ai_ml,2018-07-01,2019-01-01,2018-10-01,64782,97,716,0.15378,0.353606,32,0.121453,0.00416
ai_ml,2018-10-01,2019-04-01,2019-01-01,66659,97,750,0.161082,0.355312,29,0.12578,0.004929
ai_ml,2019-01-01,2019-07-01,2019-04-01,70058,97,795,0.170747,0.353236,26,0.127973,0.008603
ai_ml,2019-04-01,2019-10-01,2019-07-01,69796,97,791,0.169888,0.357757,26,0.123394,0.003319
ai_ml,2019-07-01,2020-01-01,2019-10-01,71013,97,817,0.175473,0.358077,27,0.124627,0.004204
ai_ml,2019-10-01,2020-04-01,2020-01-01,76048,97,875,0.18793,0.351561,26,0.116445,0.003793
ai_ml,2020-01-01,2020-07-01,2020-04-01,89808,97,944,0.202749,0.358924,21,0.113446,0.004327
ai_ml,2020-04-01,2020-10-01,2020-07-01,91817,97,952,0.204467,0.364548,18,0.119102,0.007645
ai_ml,2020-07-01,2021-01-01,2020-10-01,80818,97,909,0.195232,0.366876,18,0.126681,0.006162
ai_ml,2020-10-01,2021-04-01,2021-01-01,78641,97,902,0.193729,0.378456,19,0.119676,0.004839
ai_ml,2021-01-01,2021-07-01,2021-04-01,77265,97,910,0.195447,0.388674,20,0.122834,0.00492
ai_ml,2021-04-01,2021-10-01,2021-07-01,71914,97,919,0.19738,0.396509,18,0.128325,0.005751
ai_ml,2021-07-01,2022-01-01,2021-10-01,66933,97,910,0.195447,0.400536,17,0.125962,0.005164
ai_ml,2021-10-01,2022-04-01,2022-01-01,66955,97,901,0.193514,0.400453,15,0.128308,0.007549
ai_ml,2022-01-01,2022-07-01,2022-04-01,67782,97,930,0.199742,0.393462,15,0.129348,0.00545
ai_ml,2022-04-01,2022-10-01,2022-07-01,64952,97,920,0.197595,0.393974,15,0.130686,0.005083
ai_ml,2022-07-01,2023-01-01,2022-10-01,61139,97,905,0.194373,0.405959,16,0.130658,0.008605
ai_ml,2022-10-01,2023-04-01,2023-01-01,55460,97,918,0.197165,0.413507,11,0.133105,0.006152
ai_ml,2023-01-01,2023-07-01,2023-04-01,47979,97,1066,0.228952,0.420237,8,0.127009,0.004771
ai_ml,2023-04-01,2023-10-01,2023-07-01,40921,97,1123,0.241194,0.429896,6,0.12677,0.003288
ai_ml,2023-07-01,2024-01-01,2023-10-01,33805,97,1044,0.224227,0.449726,6,0.132034,0.003697
ai_ml,2023-10-01,2024-03-31,2024-01-01,30326,97,981,0.210696,0.441495,5,0.140458,0.006203
ai_ml,2024-01-01,2024-03-31,2024-04-01,14886,97,734,0.157646,0.431871,10,0.156049,0.007891
web_frontend,2015-01-01,2015-07-01,2015-04-01,210758,363,883,0.013439,0.060823,213,,
web_frontend,2015-04-01,2015-10-01,2015-07-01,222736,363,941,0.014322,0.059357,203,,
web_frontend,2015-07-01,2016-01-01,2015-10-01,218425,363,984,0.014976,0.060833,190,,
web_frontend,2015-10-01,2016-04-01,2016-01-01,222138,363,1021,0.01554,0.068512,181,,
web_frontend,2016-01-01,2016-07-01,2016-04-01,232355,363,1096,0.016681,0.079877,168,,
web_frontend,2016-04-01,2016-10-01,2016-07-01,229441,363,1180,0.01796,0.088654,162,,
web_frontend,2016-07-01,2017-01-01,2016-10-01,220160,363,1204,0.018325,0.097284,160,,
web_frontend,2016-10-01,2017-04-01,2017-01-01,225490,363,1264,0.019238,0.103753,143,,
web_frontend,2017-01-01,2017-07-01,2017-04-01,234516,363,1375,0.020928,0.112392,131,,
web_frontend,2017-04-01,2017-10-01,2017-07-01,228627,363,1461,0.022236,0.13359,119,,
web_frontend,2017-07-01,2018-01-01,2017-10-01,214036,363,1463,0.022267,0.152804,115,,
web_frontend,2017-10-01,2018-04-01,2018-01-01,202138,363,1549,0.023576,0.165584,102,,
web_frontend,2018-01-01,2018-07-01,2018-04-01,199587,363,1691,0.025737,0.179482,80,,
web_frontend,2018-04-01,2018-10-01,2018-07-01,194984,363,1745,0.026559,0.187706,82,,
web_frontend,2018-07-01,2019-01-01,2018-10-01,184011,363,1745,0.026559,0.192393,77,,
web_frontend,2018-10-01,2019-04-01,2019-01-01,181818,363,1741,0.026498,0.198615,73,,
web_frontend,2019-01-01,2019-07-01,2019-04-01,183275,363,1758,0.026757,0.198046,78,,
web_frontend,2019-04-01,2019-10-01,2019-07-01,177493,363,1737,0.026437,0.190549,71,,
web_frontend,2019-07-01,2020-01-01,2019-10-01,174433,363,1786,0.027183,0.188327,58,,
web_frontend,2019-10-01,2020-04-01,2020-01-01,178393,363,1917,0.029177,0.185864,60,,
web_frontend,2020-01-01,2020-07-01,2020-04-01,205492,363,2117,0.032221,0.187051,56,,
web_frontend,2020-04-01,2020-10-01,2020-07-01,212921,363,2155,0.032799,0.190707,53,,
web_frontend,2020-07-01,2021-01-01,2020-10-01,185769,363,2015,0.030668,0.177726,58,,
web_frontend,2020-10-01,2021-04-01,2021-01-01,175286,363,1975,0.03006,0.17795,68,,
web_frontend,2021-01-01,2021-07-01,2021-04-01,174261,363,1971,0.029999,0.187833,58,,
web_frontend,2021-04-01,2021-10-01,2021-07-01,166724,363,1942,0.029557,0.189313,59,,
web_frontend,2021-07-01,2022-01-01,2021-10-01,155766,363,1865,0.028385,0.188166,68,,
web_frontend,2021-10-01,2022-04-01,2022-01-01,150495,363,1869,0.028446,0.177022,69,,
web_frontend,2022-01-01,2022-07-01,2022-04-01,149603,363,1905,0.028994,0.175954,70,,
web_frontend,2022-04-01,2022-10-01,2022-07-01,144255,363,1869,0.028446,0.174345,69,,
web_frontend,2022-07-01,2023-01-01,2022-10-01,135485,363,1840,0.028005,0.17815,63,,
web_frontend,2022-10-01,2023-04-01,2023-01-01,120222,363,1782,0.027122,0.187305,70,,
web_frontend,2023-01-01,2023-07-01,2023-04-01,105691,363,1700,0.025874,0.194847,77,,
web_frontend,2023-04-01,2023-10-01,2023-07-01,95462,363,1668,0.025387,0.194919,82,,
web_frontend,2023-07-01,2024-01-01,2023-10-01,80997,363,1603,0.024398,0.19798,89,,
web_frontend,2023-10-01,2024-03-31,2024-01-01,71264,363,1516,0.023074,0.20355,98,,
web_frontend,2024-01-01,2024-03-31,2024-04-01,35374,363,1093,0.016635,0.213499,129,,
mobile,2015-01-01,2015-07-01,2015-04-01,147118,41,64,0.078049,0.155847,23,,
mobile,2015-04-01,2015-10-01,2015-07-01,155913,41,63,0.076829,0.155886,25,,
mobile,2015-07-01,2016-01-01,2015-10-01,152053,41,66,0.080488,0.176291,26,,
mobile,2015-10-01,2016-04-01,2016-01-01,149548,41,71,0.086585,0.216002,24,,
mobile,2016-01-01,2016-07-01,2016-04-01,153446,41,84,0.102439,0.258962,21,,
mobile,2016-04-01,2016-10-01,2016-07-01,149672,41,90,0.109756,0.278716,21,,
mobile,2016-07-01,2017-01-01,2016-10-01,138106,41,95,0.115854,0.271052,21,,
mobile,2016-10-01,2017-04-01,2017-01-01,133577,41,104,0.126829,0.286021,19,,
mobile,2017-01-01,2017-07-01,2017-04-01,133620,41,121,0.147561,0.319629,18,,
mobile,2017-04-01,2017-10-01,2017-07-01,129703,41,135,0.164634,0.351939,17,,
mobile,2017-07-01,2018-01-01,2017-10-01,121820,41,140,0.170732,0.382061,16,,
mobile,2017-10-01,2018-04-01,2018-01-01,112843,41,133,0.162195,0.4164,17,,
mobile,2018-01-01,2018-07-01,2018-04-01,109388,41,141,0.171951,0.455617,17,,
mobile,2018-04-01,2018-10-01,2018-07-01,106912,41,154,0.187805,0.471196,17,,
mobile,2018-07-01,2019-01-01,2018-10-01,100909,41,150,0.182927,0.478996,17,,
mobile,2018-10-01,2019-04-01,2019-01-01,95689,41,133,0.162195,0.497094,19,,
mobile,2019-01-01,2019-07-01,2019-04-01,94076,41,134,0.163415,0.500424,17,,
mobile,2019-04-01,2019-10-01,2019-07-01,92971,41,132,0.160976,0.508869,19,,
mobile,2019-07-01,2020-01-01,2019-10-01,92470,41,150,0.182927,0.495009,15,,
mobile,2019-10-01,2020-04-01,2020-01-01,92558,41,163,0.19878,0.480202,11,,
mobile,2020-01-01,2020-07-01,2020-04-01,102210,41,157,0.191463,0.491374,15,,
mobile,2020-04-01,2020-10-01,2020-07-01,101751,41,153,0.186585,0.49323,17,,
mobile,2020-07-01,2021-01-01,2020-10-01,86981,41,164,0.2,0.484326,13,,
mobile,2020-10-01,2021-04-01,2021-01-01,81340,41,162,0.197561,0.477265,11,,
mobile,2021-01-01,2021-07-01,2021-04-01,80152,41,164,0.2,0.476887,8,,
mobile,2021-04-01,2021-10-01,2021-07-01,76055,41,168,0.204878,0.474409,8,,
mobile,2021-07-01,2022-01-01,2021-10-01,69012,41,157,0.191463,0.467355,9,,
mobile,2021-10-01,2022-04-01,2022-01-01,67583,41,158,0.192683,0.455685,9,,
mobile,2022-01-01,2022-07-01,2022-04-01,66967,41,159,0.193902,0.450165,10,,
mobile,2022-04-01,2022-10-01,2022-07-01,63373,41,162,0.197561,0.454126,10,,
mobile,2022-07-01,2023-01-01,2022-10-01,60767,41,175,0.213415,0.458009,8,,
mobile,2022-10-01,2023-04-01,2023-01-01,54420,41,166,0.202439,0.447606,10,,
mobile,2023-01-01,2023-07-01,2023-04-01,50494,41,168,0.204878,0.42297,9,,
mobile,2023-04-01,2023-10-01,2023-07-01,49059,41,166,0.202439,0.405957,9,,
mobile,2023-07-01,2024-01-01,2023-10-01,44020,41,167,0.203659,0.391396,9,,
mobile,2023-10-01,2024-03-31,2024-01-01,39479,41,167,0.203659,0.383647,9,,
mobile,2024-01-01,2024-03-31,2024-04-01,19303,41,136,0.165854,0.385384,12,,
cloud_devops,2015-01-01,2015-07-01,2015-04-01,16820,384,462,0.006283,0.498264,260,,
cloud_devops,2015-04-01,2015-10-01,2015-07-01,19111,384,525,0.007139,0.551737,250,,
cloud_devops,2015-07-01,2016-01-01,2015-10-01,20494,384,612,0.008322,0.589321,234,,
cloud_devops,2015-10-01,2016-04-01,2016-01-01,23430,384,814,0.011069,0.591166,213,,
cloud_devops,2016-01-01,2016-07-01,2016-04-01,27304,384,953,0.01296,0.61424,203,,
cloud_devops,2016-04-01,2016-10-01,2016-07-01,28266,384,1039,0.014129,0.637996,200,,
cloud_devops,2016-07-01,2017-01-01,2016-10-01,27578,384,1159,0.015761,0.645287,186,,
cloud_devops,2016-10-01,2017-04-01,2017-01-01,30321,384,1266,0.017216,0.654015,174,,
cloud_devops,2017-01-01,2017-07-01,2017-04-01,35117,384,1454,0.019773,0.65562,159,,
cloud_devops,2017-04-01,2017-10-01,2017-07-01,37663,384,1619,0.022016,0.655352,142,,
cloud_devops,2017-07-01,2018-01-01,2017-10-01,39099,384,1718,0.023363,0.652996,126,,
cloud_devops,2017-10-01,2018-04-01,2018-01-01,41736,384,1863,0.025335,0.651227,114,,
cloud_devops,2018-01-01,2018-07-01,2018-04-01,44818,384,2046,0.027823,0.648621,99,,
cloud_devops,2018-04-01,2018-10-01,2018-07-01,46766,384,2197,0.029877,0.647874,92,,
cloud_devops,2018-07-01,2019-01-01,2018-10-01,47267,384,2337,0.03178,0.638996,78,,
cloud_devops,2018-10-01,2019-04-01,2019-01-01,49241,384,2472,0.033616,0.620432,68,,
cloud_devops,2019-01-01,2019-07-01,2019-04-01,51450,384,2616,0.035574,0.62614,54,,
cloud_devops,2019-04-01,2019-10-01,2019-07-01,52122,384,2701,0.03673,0.624825,49,,
cloud_devops,2019-07-01,2020-01-01,2019-10-01,53331,384,2859,0.038879,0.623965,49,,
cloud_devops,2019-10-01,2020-04-01,2020-01-01,56410,384,3024,0.041123,0.628377,46,,
cloud_devops,2020-01-01,2020-07-01,2020-04-01,65085,384,3336,0.045366,0.621473,36,,
cloud_devops,2020-04-01,2020-10-01,2020-07-01,68258,384,3568,0.04852,0.612854,30,,
cloud_devops,2020-07-01,2021-01-01,2020-10-01,60466,384,3444,0.046834,0.606639,25,,
cloud_devops,2020-10-01,2021-04-01,2021-01-01,57553,384,3371,0.045841,0.606185,29,,
cloud_devops,2021-01-01,2021-07-01,2021-04-01,57881,384,3395,0.046168,0.606853,25,,
cloud_devops,2021-04-01,2021-10-01,2021-07-01,55471,384,3372,0.045855,0.599063,28,,
cloud_devops,2021-07-01,2022-01-01,2021-10-01,53273,384,3370,0.045828,0.588717,26,,
cloud_devops,2021-10-01,2022-04-01,2022-01-01,52796,384,3359,0.045678,0.585287,27,,
cloud_devops,2022-01-01,2022-07-01,2022-04-01,52520,384,3401,0.046249,0.581206,25,,
cloud_devops,2022-04-01,2022-10-01,2022-07-01,51438,384,3381,0.045977,0.58244,24,,
cloud_devops,2022-07-01,2023-01-01,2022-10-01,49885,384,3355,0.045624,0.589311,26,,
cloud_devops,2022-10-01,2023-04-01,2023-01-01,47411,384,3315,0.04508,0.595899,27,,
cloud_devops,2023-01-01,2023-07-01,2023-04-01,45500,384,3216,0.043734,0.591108,31,,
cloud_devops,2023-04-01,2023-10-01,2023-07-01,42731,384,3088,0.041993,0.588168,31,,
cloud_devops,2023-07-01,2024-01-01,2023-10-01,37856,384,2924,0.039763,0.591591,30,,
cloud_devops,2023-10-01,2024-03-31,2024-01-01,34717,384,2871,0.039042,0.57671,34,,
cloud_devops,2024-01-01,2024-03-31,2024-04-01,17434,384,2070,0.028149,0.570351,52,,
databases,2015-01-01,2015-07-01,2015-04-01,95309,23,98,0.387352,0.138189,6,,
databases,2015-04-01,2015-10-01,2015-07-01,97979,23,103,0.407115,0.136324,6,,
databases,2015-07-01,2016-01-01,2015-10-01,94705,23,105,0.41502,0.138802,5,,
databases,2015-10-01,2016-04-01,2016-01-01,96724,23,100,0.395257,0.137412,5,,
databases,2016-01-01,2016-07-01,2016-04-01,101385,23,104,0.411067,0.132048,5,,
databases,2016-04-01,2016-10-01,2016-07-01,96826,23,108,0.426877,0.129212,5,,
databases,2016-07-01,2017-01-01,2016-10-01,90669,23,108,0.426877,0.123781,5,,
databases,2016-10-01,2017-04-01,2017-01-01,93556,23,97,0.383399,0.123084,5,,
databases,2017-01-01,2017-07-01,2017-04-01,96682,23,104,0.411067,0.115604,5,,
databases,2017-04-01,2017-10-01,2017-07-01,92303,23,102,0.403162,0.115205,5,,
databases,2017-07-01,2018-01-01,2017-10-01,85981,23,103,0.407115,0.127465,5,,
databases,2017-10-01,2018-04-01,2018-01-01,82570,23,107,0.422925,0.132562,4,,
databases,2018-01-01,2018-07-01,2018-04-01,81424,23,107,0.422925,0.13173,4,,
databases,2018-04-01,2018-10-01,2018-07-01,78193,23,109,0.43083,0.131317,4,,
databases,2018-07-01,2019-01-01,2018-10-01,74090,23,113,0.44664,0.131679,4,,
databases,2018-10-01,2019-04-01,2019-01-01,73174,23,113,0.44664,0.125469,4,,
databases,2019-01-01,2019-07-01,2019-04-01,71910,23,106,0.418972,0.127437,4,,
databases,2019-04-01,2019-10-01,2019-07-01,68167,23,112,0.442688,0.128845,3,,
databases,2019-07-01,2020-01-01,2019-10-01,68377,23,113,0.44664,0.122207,3,,
databases,2019-10-01,2020-04-01,2020-01-01,71336,23,123,0.486166,0.122715,3,,
databases,2020-01-01,2020-07-01,2020-04-01,77053,23,122,0.482213,0.128908,3,,
databases,2020-04-01,2020-10-01,2020-07-01,76294,23,117,0.462451,0.132507,3,,
databases,2020-07-01,2021-01-01,2020-10-01,67140,23,113,0.44664,0.127087,4,,
databases,2020-10-01,2021-04-01,2021-01-01,63340,23,112,0.442688,0.128448,4,,
databases,2021-01-01,2021-07-01,2021-04-01,62964,23,115,0.454545,0.131604,4,,
databases,2021-04-01,2021-10-01,2021-07-01,59850,23,122,0.482213,0.12548,3,,
databases,2021-07-01,2022-01-01,2021-10-01,55286,23,108,0.426877,0.119897,4,,
databases,2021-10-01,2022-04-01,2022-01-01,53442,23,98,0.387352,0.118999,4,,
databases,2022-01-01,2022-07-01,2022-04-01,53045,23,99,0.391304,0.120972,4,,
databases,2022-04-01,2022-10-01,2022-07-01,50781,23,100,0.395257,0.119996,4,,
databases,2022-07-01,2023-01-01,2022-10-01,48075,23,93,0.367589,0.115307,4,,
databases,2022-10-01,2023-04-01,2023-01-01,43984,23,95,0.375494,0.119459,4,,
databases,2023-01-01,2023-07-01,2023-04-01,37083,23,91,0.359684,0.125463,4,,
databases,2023-04-01,2023-10-01,2023-07-01,30924,23,88,0.347826,0.137654,5,,
databases,2023-07-01,2024-01-01,2023-10-01,26081,23,84,0.332016,0.146294,4,,
databases,2023-10-01,2024-03-31,2024-01-01,23334,23,92,0.363636,0.13428,4,,
databases,2024-01-01,2024-03-31,2024-04-01,11441,23,77,0.304348,0.128716,6,,
